<?xml version="1.0" encoding="UTF-8"?>
<project-private xmlns="http://www.netbeans.org/ns/project-private/1">
    <editor-bookmarks xmlns="http://www.netbeans.org/ns/editor-bookmarks/2" lastBookmarkId="0"/>
    <open-files xmlns="http://www.netbeans.org/ns/projectui-open-files/2">
        <group>
            <file>file:/C:/Users/Wakiti/Documents/NetBeansProjects/C195AW/src/database/DBCustomers.java</file>
            <file>file:/C:/Users/Wakiti/Documents/NetBeansProjects/C195AW/src/Model/Contact.java</file>
            <file>file:/C:/Users/Wakiti/Documents/NetBeansProjects/C195AW/src/View_Controller/UpdateRecordController.java</file>
            <file>file:/C:/Users/Wakiti/Documents/NetBeansProjects/C195AW/src/Model/TypeDisplay.java</file>
            <file>file:/C:/Users/Wakiti/Documents/NetBeansProjects/C195AW/src/View_Controller/AddAppointmentController.java</file>
            <file>file:/C:/Users/Wakiti/Documents/NetBeansProjects/C195AW/src/View_Controller/AddRecordController.java</file>
            <file>file:/C:/Users/Wakiti/Documents/NetBeansProjects/C195AW/src/Model/Appointment.java</file>
            <file>file:/C:/Users/Wakiti/Documents/NetBeansProjects/C195AW/src/Model/User.java</file>
            <file>file:/C:/Users/Wakiti/Documents/NetBeansProjects/C195AW/src/Model/Division.java</file>
            <file>file:/C:/Users/Wakiti/Documents/NetBeansProjects/C195AW/src/database/DBUser.java</file>
            <file>file:/C:/Users/Wakiti/Documents/NetBeansProjects/C195AW/src/View_Controller/CustomerMainScreenController.java</file>
            <file>file:/C:/Users/Wakiti/Documents/NetBeansProjects/C195AW/src/View_Controller/ReportsFileController.java</file>
            <file>file:/C:/Users/Wakiti/Documents/NetBeansProjects/C195AW/src/database/DBCountry.java</file>
            <file>file:/C:/Users/Wakiti/Documents/NetBeansProjects/C195AW/src/database/DBContacts.java</file>
            <file>file:/C:/Users/Wakiti/Documents/NetBeansProjects/C195AW/src/database/DBDivision.java</file>
            <file>file:/C:/Users/Wakiti/Documents/NetBeansProjects/C195AW/src/database/DBAppointments.java</file>
            <file>file:/C:/Users/Wakiti/Documents/NetBeansProjects/C195AW/src/database/DBConnection.java</file>
            <file>file:/C:/Users/Wakiti/Documents/NetBeansProjects/C195AW/src/Model/Country.java</file>
        </group>
    </open-files>
</project-private>
